{"loss": [2.855367660522461, 1.855936050415039, 1.0405430793762207, 0.5809997320175171, 0.33096611499786377, 0.19196584820747375, 0.11283974349498749, 0.07488027960062027, 0.05179246887564659, 0.03946518152952194], "accuracy": [0.17239788174629211, 0.43295636773109436, 0.6967459321022034, 0.8442187905311584, 0.9263789653778076, 0.9579967856407166, 0.9815370440483093, 0.9900761842727661, 0.994230329990387, 0.9960766434669495], "val_loss": [3.313124179840088, 3.181039571762085, 2.49863600730896, 1.1470623016357422, 1.19370698928833, 0.6074751019477844, 0.9029427766799927, 0.22123068571090698, 0.16914315521717072, 0.14464923739433289], "val_accuracy": [0.06639004498720169, 0.15560166537761688, 0.26763486862182617, 0.7489626407623291, 0.6327800750732422, 0.7966805100440979, 0.6950207352638245, 0.9439833760261536, 0.95643150806427, 0.9626556038856506]}